{
    "maxParallelDownloads": 2,

    "registry": "ghcr.io",
    "registryService": "registry.ghcr.io",
    "registryAPIVersion": "v2",
    "name": "AuruOS/desktop",
    "tag": "main",

    "iPkgMngPre": "lpkg --unlock",
    "iPkgMngPost": "lpkg --lock",
    "iPkgMngAdd": "apt-get install -y",
    "iPkgMngRm": "apt-get remove -y --autoremove",
    "iPkgMngApi": "https://packages.vanillaos.org/api/pkg/{packageName}",
    "iPkgMngStatus": 1,

    "updateInitramfsCmd": "lpkg --unlock && /usr/sbin/update-initramfs -u && lpkg --lock",
    "updateGrubCmd": "/usr/sbin/grub-mkconfig -o '%s'",

    "differURL": "https://differ.vanillaos.org",

    "partLabelVar": "vos-var",
    "partLabelA": "vos-a",
    "partLabelB": "vos-b",
    "partLabelBoot": "vos-boot",
    "partLabelEfi": "vos-efi",
    "PartCryptVar": "/dev/mapper/vos--var-var",

    "thinProvisioning": false,
    "thinInitVolume": ""
}
